NODE_ID,log_date,Time.0.TIME,SHTC3.0.HUMIDITY,SHTC3.0.TEMPERATURE,TCS3400.0.LIGHT_RED,TCS3400.0.LIGHT_GREEN,TCS3400.0.LIGHT_BLUE,PAC1720.0.VOLTAGE,PAC1720.0.CURRENT,PAC1720.0.VOLTAGE_2,PAC1720.0.CURRENT_2,ApogeeO2.0.TEMPERATURE,ApogeeO2.0.REF,ApogeeO2.0.OXYGEN,ApogeeO2.1.TEMPERATURE,ApogeeO2.1.REF,ApogeeO2.1.OXYGEN,Hedorah-NDIR.0.CO2,Hedorah-NDIR.0.HUMIDITY,Hedorah-NDIR.0.TEMPERATURE,Hedorah-NDIR.1.CO2,Hedorah-NDIR.1.HUMIDITY,Hedorah-NDIR.1.TEMPERATURE
e00fce682c26b88b84ab26f2,2001-01-01.1,978307200,27.180481,22.080307,0.034058,0.026733,0.021240,0.273438,-0.781441,3.984375,48.449329,1704.187500,2499.000000,11.437500,1703.812500,2498.625000,10.687500,567,18.278503,21.862366,512,18.165588,22.009232
e00fce682c26b88b84ab26f2,2001-01-01.1,978307500,26.583862,22.267227,0.019775,0.015625,0.012451,0.312500,-0.781441,3.984375,58.608059,1706.437500,2499.000000,11.437500,1705.875000,2498.625000,10.687500,566,18.241882,22.030594,492,18.177795,22.206833
e00fce682c26b88b84ab26f2,2001-01-01.1,978308462,26.239014,22.667770,0.016418,0.012939,0.010254,0.312500,-0.781441,3.945312,143.003677,1709.437500,2499.000000,11.437500,1708.500000,2498.437500,10.875000,565,18.305969,22.129395,483,18.247986,22.206833
e00fce682c26b88b84ab26f2,2001-01-01.1,978309424,26.133728,22.817307,0.031250,0.024780,0.019653,0.312500,-0.781441,3.984375,46.886448,1712.062500,2499.000000,11.437500,1711.687500,2498.625000,10.875000,556,18.325806,22.254906,510,18.284607,22.351036
e00fce682c26b88b84ab26f2,2001-01-01.1,978310561,26.702881,23.073654,0.004150,0.003296,0.002319,0.312500,-0.781441,3.945312,143.785110,1715.062500,2499.187500,11.437500,1714.500000,2498.625000,10.687500,538,18.470764,22.369728,505,18.370056,22.519264
e00fce682c26b88b84ab26f2,2001-01-01.1,978311523,26.495361,23.049622,0.024658,0.019775,0.015747,0.312500,-0.781441,3.984375,47.667889,1717.125000,2499.000000,11.437500,1716.937500,2498.437500,10.687500,566,18.475342,22.468529,528,18.431091,22.575340
e00fce682c26b88b84ab26f2,2001-01-01.1,978312485,26.638794,23.209839,0.014648,0.011597,0.009338,0.312500,-0.781441,3.984375,47.667889,1717.687500,2499.000000,11.437500,1716.937500,2498.437500,10.687500,541,18.534851,22.455177,502,18.475342,22.561989
e00fce682c26b88b84ab26f2,2001-01-01.1,978313447,26.916504,22.956161,0.025024,0.020020,0.015869,0.312500,-0.781441,3.984375,46.886448,1717.312500,2499.000000,11.437500,1716.750000,2498.437500,10.687500,550,18.658447,22.455177,518,18.562317,22.519264
e00fce682c26b88b84ab26f2,2001-01-01.1,978314562,27.294922,23.105698,0.011108,0.009155,0.007202,0.312500,-0.781441,3.945312,143.003677,1716.562500,2499.187500,11.250000,1715.625000,2498.437500,10.687500,552,18.731689,22.412453,504,18.695068,22.476540
e00fce682c26b88b84ab26f2,2001-01-01.1,978315524,27.339172,23.049622,0.017456,0.014526,0.011230,0.312500,-0.781441,3.984375,47.667889,1715.437500,2499.000000,11.250000,1715.062500,2498.437500,10.687500,552,18.911743,22.369728,513,18.763733,22.433815
e00fce682c26b88b84ab26f2,2001-01-01.1,978316486,27.830505,22.825317,0.007935,0.006836,0.005127,0.312500,-0.781441,3.984375,47.667889,1714.312500,2499.000000,11.437500,1714.125000,2498.437500,10.687500,549,18.983459,22.284279,501,18.925476,22.364388
e00fce682c26b88b84ab26f2,2001-01-01.1,978317448,28.111267,22.635727,0.011475,0.010132,0.007690,0.312500,-0.781441,3.984375,47.667889,1713.375000,2499.000000,11.437500,1712.812500,2498.437500,10.687500,553,19.088745,22.270927,506,19.042969,22.321663
e00fce682c26b88b84ab26f2,2001-01-01.1,978318565,28.433228,22.705154,0.008911,0.007446,0.005615,0.312500,-0.781441,3.945312,143.785110,1711.875000,2499.000000,11.437500,1711.500000,2498.437500,10.687500,569,19.239807,22.225525,473,19.113159,22.265587
e00fce682c26b88b84ab26f2,2001-01-01.1,978319527,28.584290,22.697144,0.016357,0.013306,0.010132,0.312500,-0.781441,3.984375,47.667889,1711.500000,2499.187500,11.437500,1711.500000,2498.625000,10.687500,556,19.418335,22.198822,478,19.291687,22.278938
e00fce682c26b88b84ab26f2,2001-01-01.1,978320489,28.924561,22.833328,0.008301,0.006836,0.005127,0.312500,-0.781441,3.984375,47.667889,1711.125000,2499.000000,11.437500,1710.750000,2498.625000,10.687500,552,19.552612,22.169449,508,19.451904,22.233536
e00fce682c26b88b84ab26f2,2001-01-01.1,978321451,29.321289,22.627716,0.007690,0.006470,0.004761,0.312500,-1.172161,3.984375,47.667889,1711.125000,2499.000000,11.437500,1710.187500,2498.437500,10.875000,564,19.708252,22.169449,507,19.587708,22.220184
e00fce682c26b88b84ab26f2,2001-01-01.1,978322593,29.638672,22.697144,0.005981,0.005249,0.003662,0.312500,-1.172161,3.945312,143.785110,1709.812500,2498.812500,11.437500,1708.312500,2498.625000,10.687500,565,19.900513,22.113373,497,19.818115,22.121384
e00fce682c26b88b84ab26f2,2001-01-01.1,978323555,29.331970,22.582321,0.005737,0.005005,0.003418,0.312500,-0.781441,3.984375,46.886448,1707.187500,2499.000000,11.437500,1704.750000,2498.812500,10.687500,560,19.969177,21.987869,513,19.854736,22.009232
e00fce682c26b88b84ab26f2,2001-01-01.1,978324517,30.178833,22.582321,0.009644,0.008301,0.005737,0.312500,-0.781441,3.984375,47.667889,1704.750000,2499.187500,11.437500,1704.000000,2498.437500,10.875000,555,20.164490,21.902420,519,20.045471,21.926453
e00fce682c26b88b84ab26f2,2001-01-01.1,978325479,30.267334,22.299271,0.009399,0.007935,0.005249,0.312500,-0.781441,3.964844,48.449329,1704.000000,2499.000000,11.437500,1703.250000,2498.625000,10.875000,546,20.330811,21.889069,472,20.193481,21.953156
e00fce682c26b88b84ab26f2,2001-01-01.1,978326596,30.491638,22.582321,0.008789,0.007324,0.004761,0.312500,-0.781441,3.945312,143.785110,1702.500000,2499.187500,11.437500,1702.312500,2498.625000,10.687500,545,20.526123,21.846344,497,20.353699,21.883728
e00fce682c26b88b84ab26f2,2001-01-01.1,978327558,30.094910,22.603683,0.008545,0.007080,0.004517,0.312500,-0.781441,3.964844,47.667889,1701.937500,2499.000000,11.437500,1701.937500,2498.437500,10.687500,548,20.632935,21.846344,507,20.426941,21.883728
e00fce682c26b88b84ab26f2,2001-01-01.1,978328520,30.073547,22.582321,0.005005,0.004150,0.002563,0.312500,-0.781441,3.964844,47.667889,1701.000000,2499.000000,11.437500,1701.187500,2498.437500,10.875000,554,20.765686,21.819641,525,20.544434,21.854355
e00fce682c26b88b84ab26f2,2001-01-01.1,978329482,30.174255,22.582321,0.005005,0.004150,0.002563,0.312500,-0.781441,3.964844,47.667889,1700.437500,2499.000000,11.437500,1700.812500,2498.812500,10.875000,555,20.796204,21.790268,513,20.649719,21.841003
e00fce682c26b88b84ab26f2,2001-01-01.1,978330578,30.290222,22.635727,0.008545,0.007080,0.004517,0.312500,-0.781441,3.945312,143.785110,1699.500000,2498.812500,11.437500,1699.687500,2498.437500,10.875000,547,20.928955,21.750214,509,20.690918,21.811630
e00fce682c26b88b84ab26f2,2001-01-01.1,978331540,30.285645,22.582321,0.004883,0.004150,0.002563,0.312500,-0.781441,3.964844,47.667889,1698.750000,2499.000000,11.437500,1698.750000,2498.625000,10.875000,558,21.003723,21.720833,481,20.823669,21.798279
e00fce682c26b88b84ab26f2,2001-01-01.1,978332502,30.174255,22.582321,0.008545,0.007080,0.004517,0.312500,-0.781441,3.964844,47.667889,1698.187500,2499.000000,11.437500,1698.562500,2498.625000,10.687500,542,21.095276,21.691460,476,20.866394,21.755554
e00fce682c26b88b84ab26f2,2001-01-01.1,978333464,29.829407,22.582321,0.008545,0.007080,0.004517,0.312500,-0.781441,3.964844,47.667889,1699.125000,2499.000000,11.437500,1698.937500,2498.437500,10.875000,542,21.095276,21.707481,502,20.869446,21.784927
e00fce682c26b88b84ab26f2,2001-01-01.1,978334584,29.801941,22.582321,0.005005,0.004150,0.002563,0.312500,-0.781441,3.945312,143.785110,1701.937500,2499.000000,11.437500,1701.187500,2498.437500,10.875000,541,21.191406,21.846344,485,20.948792,21.910431
e00fce682c26b88b84ab26f2,2001-01-01.1,978335546,30.000305,22.582321,0.005005,0.004150,0.002686,0.312500,-0.781441,3.964844,42.979244,1704.375000,2499.187500,11.437500,1703.437500,2498.625000,10.875000,531,21.212769,21.931793,474,21.029663,22.009232
e00fce682c26b88b84ab26f2,2001-01-01.1,978336509,29.704285,22.817307,0.008667,0.007202,0.004517,0.312500,-0.781441,3.964844,48.449329,1706.250000,2499.000000,11.437500,1705.312500,2498.437500,10.875000,543,21.218872,22.017242,501,20.988464,22.094681
e00fce682c26b88b84ab26f2,2001-01-01.1,978337471,29.454041,22.825317,0.008545,0.007080,0.004517,0.312500,-0.781441,3.964844,47.667889,1707.562500,2499.187500,11.437500,1706.437500,2498.625000,10.875000,543,21.159363,22.073318,470,21.022034,22.164108
e00fce682c26b88b84ab26f2,2001-01-01.1,978338641,29.057312,22.948151,0.004883,0.004150,0.002563,0.312500,-0.781441,3.945312,142.222229,1706.437500,2498.812500,11.437500,1705.687500,2498.625000,10.875000,541,21.098328,22.030594,493,20.944214,22.094681
e00fce682c26b88b84ab26f2,2001-01-01.1,978339603,28.910828,22.595673,0.005005,0.004150,0.002563,0.312500,-0.781441,3.964844,47.667889,1704.750000,2499.187500,11.437500,1704.562500,2498.625000,10.687500,544,21.049500,21.987869,465,20.880127,22.009232
e00fce682c26b88b84ab26f2,2001-01-01.1,978340565,29.150391,22.635727,0.005005,0.004150,0.002563,0.312500,-0.781441,3.964844,48.449329,1703.437500,2499.000000,11.437500,1703.437500,2498.437500,10.875000,542,21.072388,21.889069,494,20.907593,21.939804
e00fce682c26b88b84ab26f2,2001-01-01.1,978341527,29.119873,22.587662,0.008545,0.007080,0.004517,0.312500,-0.781441,3.964844,47.667889,1702.125000,2499.000000,11.437500,1702.687500,2498.437500,10.875000,538,21.131897,21.846344,481,20.906067,21.910431
e00fce682c26b88b84ab26f2,2001-01-01.1,978342645,28.697205,22.582321,0.008545,0.007080,0.004517,0.312500,-0.781441,3.945312,143.003677,1700.812500,2499.187500,11.437500,1701.000000,2498.625000,10.875000,553,21.084595,21.806290,495,20.928955,21.811630
e00fce682c26b88b84ab26f2,2001-01-01.1,978343607,28.385925,22.582321,0.004883,0.004150,0.002563,0.312500,-0.781441,3.964844,47.667889,1700.812500,2498.812500,11.437500,1700.062500,2498.250000,10.875000,545,20.976257,21.776917,501,20.855713,21.827652
e00fce682c26b88b84ab26f2,2001-01-01.1,978344569,28.279114,22.582321,0.005005,0.004150,0.002563,0.312500,-0.781441,3.964844,47.667889,1700.812500,2498.812500,11.437500,1699.875000,2498.437500,10.687500,548,20.887756,21.790268,497,20.750427,21.827652
e00fce682c26b88b84ab26f2,2001-01-01.1,978345531,28.274536,22.587662,0.005005,0.004150,0.002563,0.312500,-0.781441,3.964844,47.667889,1701.562500,2499.187500,11.437500,1700.625000,2498.625000,10.875000,551,20.870972,21.806290,487,20.738220,21.867706
e00fce682c26b88b84ab26f2,2001-01-01.1,978346700,28.250122,22.635727,0.008545,0.007080,0.004517,0.292969,-0.781441,3.945312,143.785110,1702.125000,2499.000000,11.625000,1700.625000,2498.625000,10.875000,553,20.843506,21.806290,492,20.722961,21.867706
e00fce682c26b88b84ab26f2,2001-01-01.1,978347662,28.392029,22.582321,0.008545,0.007080,0.004517,0.312500,-0.781441,3.964844,47.667889,1702.500000,2499.000000,11.437500,1701.000000,2498.250000,10.875000,550,20.857239,21.819641,485,20.710754,21.897079
e00fce682c26b88b84ab26f2,2001-01-01.1,978348624,28.623962,22.582321,0.005005,0.004150,0.002563,0.312500,-0.781441,3.964844,48.449329,1701.187500,2498.812500,11.625000,1700.625000,2498.437500,10.875000,546,20.930481,21.790268,512,20.825195,21.841003
e00fce682c26b88b84ab26f2,2001-01-01.1,978349586,28.724670,22.582321,0.004883,0.004150,0.002563,0.312500,-0.781441,3.964844,42.979244,1700.812500,2498.812500,11.437500,1700.437500,2498.625000,10.875000,536,20.989990,21.763565,488,20.825195,21.827652
e00fce682c26b88b84ab26f2,2001-01-01.1,978350721,29.019165,22.643738,0.008545,0.007080,0.004517,0.312500,-0.781441,3.945312,143.003677,1699.687500,2499.000000,11.625000,1699.875000,2498.625000,10.875000,541,21.063232,21.720833,495,20.915222,21.841003
e00fce682c26b88b84ab26f2,2001-01-01.1,978351683,28.956604,22.518234,0.008545,0.007080,0.004517,0.312500,-0.781441,3.964844,47.667889,1699.687500,2499.000000,11.437500,1698.937500,2498.437500,10.875000,557,21.081543,21.734184,493,20.901489,21.827652
e00fce682c26b88b84ab26f2,2001-01-01.1,978352645,28.724670,22.582321,0.004883,0.004150,0.002563,0.312500,-0.781441,3.964844,48.449329,1699.875000,2499.000000,11.625000,1699.125000,2498.625000,10.875000,557,21.081543,21.750214,509,20.898438,21.811630
e00fce682c26b88b84ab26f2,2001-01-01.1,978353607,28.742981,22.582321,0.008545,0.007080,0.004517,0.312500,-0.781441,3.964844,47.667889,1699.875000,2499.000000,11.437500,1698.750000,2498.437500,10.875000,540,21.098328,21.734184,488,20.928955,21.798279
e00fce682c26b88b84ab26f2,2001-01-01.1,978354724,29.693604,22.456818,0.002441,0.002197,0.001465,0.312500,-0.781441,3.945312,143.003677,1698.937500,2498.812500,11.437500,1698.187500,2498.437500,10.875000,539,21.171570,21.707481,499,21.089172,21.784927
e00fce682c26b88b84ab26f2,2001-01-01.1,978355686,29.699707,22.133713,0.002441,0.002197,0.001465,0.312500,-0.781441,3.964844,47.667889,1696.875000,2498.812500,11.625000,1696.500000,2498.437500,10.875000,538,21.223450,21.592659,477,21.067810,21.640724
e00fce682c26b88b84ab26f2,2001-01-01.1,978356648,29.589844,21.954803,0.004272,0.003906,0.002441,0.312500,-0.781441,3.964844,48.449329,1695.187500,2499.000000,11.437500,1695.562500,2498.625000,10.875000,552,21.299744,21.536583,495,21.049500,21.614021
e00fce682c26b88b84ab26f2,2001-01-01.1,978357610,29.406738,22.088318,0.002441,0.002197,0.001465,0.312500,-0.781441,3.964844,47.667889,1695.000000,2499.000000,11.437500,1694.812500,2498.437500,10.875000,532,21.189880,21.493858,474,21.093750,21.571297
e00fce682c26b88b84ab26f2,2001-01-01.1,978358707,29.417419,21.954803,0.002441,0.002197,0.001465,0.312500,-0.781441,3.945312,143.003677,1695.000000,2499.000000,11.437500,1694.250000,2498.437500,10.875000,550,21.250916,21.493858,498,21.093750,21.571297
e00fce682c26b88b84ab26f2,2001-01-01.1,978359669,29.768372,21.954803,0.002441,0.002197,0.001465,0.312500,-0.781441,3.964844,47.667889,1694.250000,2499.000000,11.625000,1693.500000,2498.437500,10.875000,546,21.295166,21.464485,493,21.150208,21.541924
e00fce682c26b88b84ab26f2,2001-01-01.1,978360631,29.823303,22.018890,0.002441,0.002197,0.001465,0.312500,-0.781441,3.964844,48.449329,1691.812500,2499.000000,11.437500,1691.812500,2498.437500,10.875000,543,21.350098,21.395058,501,21.189880,21.459145
e00fce682c26b88b84ab26f2,2001-01-01.1,978361593,29.481506,21.695786,0.004272,0.003906,0.002441,0.312500,-0.781441,3.964844,47.667889,1690.875000,2499.187500,11.437500,1691.062500,2498.437500,10.875000,546,21.377563,21.365685,461,21.203613,21.416420
e00fce682c26b88b84ab26f2,2001-01-01.1,978362709,29.476929,21.850662,0.004272,0.003906,0.002441,0.312500,-0.781441,3.945312,142.222229,1691.437500,2498.812500,11.625000,1690.687500,2498.437500,10.875000,531,21.301270,21.365685,463,21.217346,21.443123
e00fce682c26b88b84ab26f2,2001-01-01.1,978363671,29.536438,21.954803,0.004272,0.003906,0.002441,0.312500,-0.781441,3.964844,47.667889,1692.562500,2499.000000,11.625000,1691.437500,2498.437500,10.875000,530,21.336365,21.437782,498,21.237183,21.515221
e00fce682c26b88b84ab26f2,2001-01-01.1,978364633,29.818726,21.954803,0.004272,0.003906,0.002441,0.312500,-0.781441,3.964844,48.449329,1692.562500,2498.812500,11.625000,1692.000000,2498.437500,10.875000,544,21.397400,21.424431,497,21.267700,21.501869
e00fce682c26b88b84ab26f2,2001-01-01.1,978365595,30.061340,21.821289,0.002441,0.002197,0.001465,0.312500,-0.781441,3.964844,47.667889,1691.250000,2499.187500,11.625000,1690.875000,2498.625000,10.875000,539,21.484375,21.381706,489,21.336365,21.443123
e00fce682c26b88b84ab26f2,2001-01-01.1,978366713,30.073547,21.789246,0.002441,0.002197,0.001465,0.312500,-0.781441,3.945312,143.003677,1687.875000,2499.187500,11.625000,1688.437500,2498.437500,10.875000,534,21.537781,21.240173,468,21.374512,21.304268
e00fce682c26b88b84ab26f2,2001-01-01.1,978367675,29.942322,21.703796,0.002441,0.002197,0.001465,0.312500,-0.781441,3.964844,47.667889,1687.500000,2499.000000,11.437500,1687.875000,2498.250000,10.875000,537,21.580505,21.226822,503,21.432495,21.290916
e00fce682c26b88b84ab26f2,2001-01-01.1,978368637,29.910278,21.821289,0.004272,0.003906,0.002441,0.312500,-0.781441,3.964844,47.667889,1688.062500,2499.000000,11.625000,1687.875000,2498.625000,10.875000,542,21.583557,21.253532,463,21.447754,21.330971
e00fce682c26b88b84ab26f2,2001-01-01.1,978369599,30.010986,21.765213,0.002441,0.002197,0.001465,0.312500,-0.781441,3.964844,47.667889,1688.625000,2499.000000,11.437500,1688.250000,2498.625000,10.875000,538,21.598816,21.269554,470,21.478271,21.346992
e00fce682c26b88b84ab26f2,2001-01-01.1,978370696,30.023193,21.821289,0.004272,0.003906,0.002441,0.312500,-0.781441,3.945312,143.003677,1689.000000,2499.000000,11.625000,1688.437500,2498.437500,10.875000,537,21.662903,21.296257,513,21.539307,21.373695
e00fce682c26b88b84ab26f2,2001-01-01.1,978371658,30.323792,21.797256,0.002441,0.002197,0.001465,0.312500,-0.781441,3.964844,47.667889,1688.250000,2499.187500,11.625000,1687.687500,2498.437500,10.875000,532,21.736145,21.253532,468,21.583557,21.346992
e00fce682c26b88b84ab26f2,2001-01-01.1,978372620,30.210876,21.578293,0.004272,0.003784,0.002441,0.312500,-0.781441,3.964844,48.449329,1685.625000,2499.000000,11.625000,1685.625000,2498.625000,10.875000,540,21.743774,21.154724,490,21.620178,21.218811
e00fce682c26b88b84ab26f2,2001-01-01.1,978373582,30.453491,21.578293,0.002441,0.002197,0.001465,0.312500,-0.781441,3.964844,47.667889,1683.562500,2499.000000,11.437500,1684.312500,2498.437500,10.875000,531,21.830750,21.069275,478,21.661377,21.146713
e00fce682c26b88b84ab26f2,2001-01-01.1,978374699,30.326843,21.634369,0.004150,0.003784,0.002441,0.312500,-0.781441,3.945312,143.785110,1683.750000,2499.000000,11.437500,1684.125000,2498.437500,10.875000,536,21.891785,21.082626,499,21.704102,21.160065
e00fce682c26b88b84ab26f2,2001-01-01.1,978375661,30.297852,21.602325,0.003418,0.002930,0.001831,0.312500,-0.781441,3.964844,48.449329,1683.000000,2499.000000,11.625000,1684.875000,2498.625000,10.875000,537,21.867371,21.154724,513,21.679688,21.232162
e00fce682c26b88b84ab26f2,2001-01-01.1,978376623,30.276489,21.765213,0.003052,0.002441,0.001587,0.312500,-0.781441,3.964844,48.449329,1655.062500,2498.812500,11.437500,1683.000000,2498.625000,10.875000,567,21.830750,20.802246,491,21.675110,21.146713
e00fce682c26b88b84ab26f2,2001-01-01.1,978377585,30.401611,22.048264,0.003052,0.002441,0.001587,0.312500,-0.781441,3.964844,47.667889,1651.875000,2498.812500,11.437500,1681.500000,2498.625000,10.875000,556,22.036743,20.690086,506,21.730042,21.090637
e00fce682c26b88b84ab26f2,2001-01-01.1,978378703,30.352783,22.018890,0.003052,0.002441,0.001587,0.312500,-0.781441,3.925781,130.500610,1657.687500,2498.812500,11.437500,1680.187500,2498.250000,10.875000,551,22.157288,20.703438,476,21.757507,21.061264
e00fce682c26b88b84ab26f2,2001-01-01.1,978379665,30.731201,21.578293,0.003174,0.002563,0.001709,0.312500,-0.781441,3.964844,47.667889,1663.875000,2498.812500,11.625000,1680.000000,2498.625000,10.875000,551,22.192383,20.775543,504,21.849060,21.061264
e00fce682c26b88b84ab26f2,2001-01-01.1,978380627,30.690002,21.578293,0.002075,0.001709,0.001221,0.312500,-0.781441,3.964844,48.449329,1669.500000,2498.812500,11.625000,1680.937500,2498.437500,10.875000,549,22.242737,20.871674,486,21.864319,21.090637
e00fce682c26b88b84ab26f2,2001-01-01.1,978381589,30.331421,21.695786,0.005859,0.004395,0.003296,0.312500,-0.781441,3.964844,47.667889,1674.000000,2498.625000,11.625000,1682.625000,2498.625000,10.875000,557,22.219849,20.983826,494,21.885681,21.176086
e00fce682c26b88b84ab26f2,2001-01-01.1,978382707,30.409241,21.695786,0.005493,0.004028,0.003174,0.312500,-0.781441,3.945312,143.785110,1678.875000,2499.000000,11.625000,1685.437500,2498.625000,10.875000,549,22.196960,21.098648,461,21.890259,21.274895
e00fce682c26b88b84ab26f2,2001-01-01.1,978383669,31.069946,21.821289,0.012085,0.008911,0.007202,0.312500,-0.781441,3.964844,47.667889,1682.625000,2499.000000,11.625000,1687.125000,2498.437500,10.875000,561,22.372437,21.226822,500,21.910095,21.360344
e00fce682c26b88b84ab26f2,2001-01-01.1,978384631,30.892944,21.821289,0.008423,0.006226,0.005127,0.312500,-0.781441,3.964844,48.449329,1684.875000,2498.812500,11.625000,1687.875000,2498.437500,10.875000,559,22.389221,21.240173,477,22.015381,21.403069
e00fce682c26b88b84ab26f2,2001-01-01.1,978385593,30.831909,21.695786,0.016968,0.012695,0.010376,0.312500,-0.781441,3.964844,47.667889,1686.000000,2499.187500,11.625000,1687.687500,2498.437500,10.875000,539,22.390747,21.269554,498,22.056580,21.373695
e00fce682c26b88b84ab26f2,2001-01-01.1,978386690,31.005859,21.850662,0.019409,0.014648,0.012085,0.312500,-0.781441,3.945312,144.566544,1686.562500,2499.187500,11.625000,1687.875000,2498.625000,10.875000,560,22.418213,21.240173,479,22.015381,21.373695
e00fce682c26b88b84ab26f2,2001-01-01.1,978387652,30.662537,22.018890,0.012329,0.009277,0.007690,0.312500,-0.781441,3.964844,47.667889,1687.687500,2499.187500,11.625000,1688.812500,2498.625000,10.875000,555,22.390747,21.296257,483,22.029114,21.403069
e00fce682c26b88b84ab26f2,2001-01-01.1,978388614,30.346680,22.048264,0.022827,0.017334,0.014526,0.312500,-0.781441,3.964844,48.449329,1689.562500,2499.000000,11.625000,1690.875000,2498.437500,10.875000,561,22.384644,21.424431,511,22.097778,21.541924
e00fce682c26b88b84ab26f2,2001-01-01.1,978389576,30.508423,22.080307,0.014038,0.010742,0.008911,0.312500,-0.781441,3.964844,47.667889,1692.375000,2499.000000,11.625000,1694.625000,2498.437500,10.875000,581,22.348022,21.576637,503,22.106934,21.696800
e00fce682c26b88b84ab26f2,2001-01-01.1,978390693,30.273438,22.328644,0.025269,0.019287,0.016235,0.312500,-0.781441,3.925781,146.910873,1696.125000,2499.000000,11.625000,1698.562500,2498.437500,10.875000,561,22.312927,21.776917,511,22.087097,21.867706
e00fce682c26b88b84ab26f2,2001-01-01.1,978391655,29.945374,22.336655,0.024536,0.018921,0.015991,0.312500,-0.781441,3.964844,47.667889,1698.937500,2499.000000,11.625000,1700.625000,2498.437500,10.875000,553,22.270203,21.819641,503,22.050476,21.953156
e00fce682c26b88b84ab26f2,2001-01-01.1,978392617,30.297852,22.582321,0.015625,0.012085,0.009888,0.312500,-0.781441,3.964844,48.449329,1700.250000,2499.000000,11.437500,1701.375000,2498.250000,10.875000,555,22.288513,21.846344,503,22.061157,21.926453
e00fce682c26b88b84ab26f2,2001-01-01.1,978393579,29.855347,22.582321,0.026245,0.020386,0.016724,0.312500,-0.781441,3.964844,47.667889,1700.625000,2499.000000,11.625000,1701.375000,2498.437500,10.875000,563,22.224426,21.832993,515,21.960449,21.953156
e00fce682c26b88b84ab26f2,2001-01-01.1,978394905,29.228210,22.582321,0.015625,0.012207,0.010010,0.312500,-0.781441,3.925781,145.347977,1701.562500,2499.000000,11.625000,1702.500000,2498.625000,10.875000,562,22.061157,21.889069,519,21.974182,21.982529
e00fce682c26b88b84ab26f2,2001-01-01.1,978395867,28.855896,22.697144,0.015259,0.011963,0.009888,0.312500,-0.781441,3.964844,47.667889,1703.437500,2499.000000,11.625000,1704.750000,2498.625000,10.875000,559,21.978760,22.030594,497,21.881104,22.094681
e00fce682c26b88b84ab26f2,2001-01-01.1,978396829,28.546143,22.582321,0.013062,0.010254,0.008423,0.312500,-0.781441,3.964844,48.449329,1705.500000,2498.812500,11.625000,1706.812500,2498.437500,10.875000,552,21.862793,22.129395,503,21.795654,22.220184
e00fce682c26b88b84ab26f2,2001-01-01.1,978397791,28.280640,22.697144,0.014038,0.010864,0.008911,0.312500,-0.781441,3.964844,47.667889,1707.375000,2499.000000,11.625000,1708.687500,2498.437500,10.875000,556,21.672058,22.212173,465,21.711731,22.292290
e00fce682c26b88b84ab26f2,2001-01-01.1,978398888,27.795410,22.817307,0.024048,0.018799,0.015503,0.312500,-0.781441,3.925781,149.255188,1708.500000,2499.375000,11.625000,1708.875000,2498.437500,10.875000,541,21.470642,22.185471,495,21.548462,22.278938
e00fce682c26b88b84ab26f2,2001-01-01.1,978399850,27.400208,22.697144,0.014404,0.011230,0.009277,0.312500,-0.781441,3.964844,47.667889,1707.750000,2499.187500,11.625000,1708.125000,2498.437500,10.875000,549,21.374512,22.113373,482,21.397400,22.233536
e00fce682c26b88b84ab26f2,2001-01-01.1,978400812,27.038574,22.603683,0.006348,0.005249,0.004150,0.312500,-0.781441,3.964844,48.449329,1707.562500,2499.187500,11.625000,1707.562500,2498.437500,10.875000,547,21.131897,22.100021,496,21.319580,22.177460
e00fce682c26b88b84ab26f2,2001-01-01.1,978401774,26.660156,22.713165,0.010010,0.008057,0.006470,0.312500,-0.781441,3.964844,47.667889,1707.187500,2499.000000,11.625000,1707.000000,2498.625000,10.875000,552,20.993042,22.073318,498,21.171570,22.193481
e00fce682c26b88b84ab26f2,2001-01-01.1,978402895,26.467896,22.603683,0.013062,0.010742,0.008667,0.292969,-0.781441,3.925781,146.129425,1706.250000,2499.187500,11.625000,1706.062500,2498.437500,10.875000,560,20.838928,22.043945,467,20.976257,22.137405
e00fce682c26b88b84ab26f2,2001-01-01.1,978403857,26.077271,22.456818,0.009888,0.008423,0.006714,0.312500,-0.781441,3.964844,47.667889,1705.500000,2499.000000,11.625000,1705.125000,2498.437500,10.875000,551,20.654297,22.001221,515,20.838928,22.094681
e00fce682c26b88b84ab26f2,2001-01-01.1,978404819,25.909424,22.582321,0.006104,0.005127,0.004150,0.312500,-0.781441,3.964844,48.449329,1704.187500,2499.000000,11.625000,1704.000000,2498.437500,11.062500,544,20.545959,21.931793,500,20.718384,22.038605
e00fce682c26b88b84ab26f2,2001-01-01.1,978405781,25.508118,22.456818,0.007690,0.006226,0.004883,0.312500,-0.781441,3.964844,47.667889,1703.437500,2499.000000,11.625000,1703.250000,2498.625000,10.875000,542,20.344543,21.902420,457,20.581055,21.995880
e00fce682c26b88b84ab26f2,2001-01-01.1,978406899,25.494385,22.582321,0.006836,0.005493,0.004272,0.312500,-0.781441,3.925781,143.785110,1702.125000,2499.000000,11.625000,1702.500000,2498.437500,10.875000,552,20.237732,21.846344,482,20.462036,21.966507
e00fce682c26b88b84ab26f2,2001-01-01.1,978407861,25.454712,22.456818,0.006348,0.005005,0.003906,0.312500,-0.781441,3.964844,47.667889,1701.562500,2499.000000,11.625000,1701.937500,2498.625000,10.875000,565,20.205688,21.819641,474,20.385742,21.926453
e00fce682c26b88b84ab26f2,2001-01-01.1,978408823,25.071716,22.328644,0.005737,0.004639,0.003418,0.312500,-0.781441,3.964844,48.449329,1700.812500,2498.812500,11.625000,1701.000000,2498.625000,10.875000,551,20.022583,21.790268,491,20.237732,21.926453
e00fce682c26b88b84ab26f2,2001-01-01.1,978409785,25.190735,22.197800,0.008789,0.007080,0.005127,0.312500,-0.781441,3.964844,47.667889,1700.437500,2499.187500,11.625000,1701.000000,2498.812500,10.875000,558,19.914246,21.806290,493,20.150757,21.926453
e00fce682c26b88b84ab26f2,2001-01-01.1,978410905,24.938965,22.456818,0.004639,0.003662,0.002563,0.312500,-0.781441,3.925781,153.162384,1701.375000,2499.000000,11.625000,1702.125000,2498.625000,10.875000,551,19.795227,21.862366,477,20.046997,21.966507
e00fce682c26b88b84ab26f2,2001-01-01.1,978411867,24.926758,22.363358,0.007568,0.005859,0.004028,0.312500,-0.781441,3.945312,47.667889,1701.562500,2499.187500,11.625000,1702.125000,2498.625000,10.875000,554,19.703674,21.862366,515,20.033264,21.966507
e00fce682c26b88b84ab26f2,2001-01-01.1,978412829,24.662781,22.328644,0.006348,0.005005,0.003174,0.312500,-0.781441,3.945312,47.667889,1701.187500,2499.000000,11.625000,1701.375000,2498.625000,10.875000,550,19.671631,21.806290,478,19.880676,21.939804
e00fce682c26b88b84ab26f2,2001-01-01.1,978413791,24.424744,22.328644,0.006104,0.004883,0.003052,0.312500,-0.781441,3.945312,48.449329,1700.437500,2499.000000,11.625000,1700.250000,2498.437500,10.875000,546,19.548035,21.776917,473,19.818115,21.883728
e00fce682c26b88b84ab26f2,2001-01-01.1,978414889,24.375916,22.456818,0.006104,0.004761,0.003052,0.292969,-0.781441,3.925781,144.566544,1699.687500,2499.000000,11.625000,1699.687500,2498.625000,10.875000,548,19.378662,21.720833,497,19.712830,21.841003
e00fce682c26b88b84ab26f2,2001-01-01.1,978415851,24.240112,22.328644,0.003540,0.002808,0.001709,0.312500,-0.781441,3.964844,47.667889,1699.312500,2499.187500,11.625000,1699.687500,2498.437500,10.875000,547,19.287109,21.707481,512,19.610596,21.854355
e00fce682c26b88b84ab26f2,2001-01-01.1,978416813,24.319458,22.355347,0.006104,0.004761,0.003052,0.312500,-0.781441,3.945312,48.449329,1699.500000,2498.812500,11.625000,1699.875000,2498.437500,10.875000,561,19.244385,21.750214,466,19.506836,21.854355
e00fce682c26b88b84ab26f2,2001-01-01.1,978417775,24.411011,22.328644,0.006104,0.004761,0.003052,0.312500,-0.781441,3.945312,47.667889,1699.312500,2499.000000,11.625000,1699.875000,2498.437500,10.875000,566,19.213867,21.734184,501,19.432068,21.854355
e00fce682c26b88b84ab26f2,2001-01-01.1,978418873,24.464417,22.328644,0.003540,0.002808,0.001709,0.312500,-0.781441,3.925781,143.785110,1698.937500,2499.000000,11.625000,1698.937500,2498.437500,10.875000,565,19.195557,21.707481,516,19.372559,21.854355
e00fce682c26b88b84ab26f2,2001-01-01.1,978419835,24.522400,22.328644,0.006104,0.004761,0.003052,0.312500,-0.781441,3.945312,47.667889,1698.375000,2499.000000,11.625000,1698.562500,2498.625000,10.875000,557,19.120789,21.691460,481,19.340515,21.811630
e00fce682c26b88b84ab26f2,2001-01-01.1,978420797,24.642944,22.328644,0.003540,0.002808,0.001709,0.312500,-0.781441,3.945312,48.449329,1698.187500,2498.812500,11.625000,1698.562500,2498.625000,10.875000,571,19.102478,21.675438,535,19.299316,21.827652
e00fce682c26b88b84ab26f2,2001-01-01.1,978421759,24.900818,22.328644,0.003540,0.002808,0.001709,0.312500,-0.781441,3.945312,47.667889,1698.562500,2499.000000,11.625000,1699.125000,2498.437500,10.875000,583,19.134521,21.720833,520,19.331360,21.854355
e00fce682c26b88b84ab26f2,2001-01-01.1,978422857,24.594116,22.440796,0.006104,0.004761,0.003052,0.312500,-0.781441,3.925781,143.785110,1699.125000,2499.000000,11.625000,1699.687500,2498.437500,10.875000,583,19.076538,21.734184,549,19.271851,21.867706
e00fce682c26b88b84ab26f2,2001-01-01.1,978423819,24.794006,22.336655,0.006104,0.004761,0.003052,0.312500,-0.781441,3.945312,47.667889,1699.500000,2499.187500,11.625000,1700.625000,2498.437500,10.875000,594,19.030762,21.763565,539,19.303894,21.897079
e00fce682c26b88b84ab26f2,2001-01-01.1,978424781,25.396729,22.328644,0.003540,0.002808,0.001709,0.312500,-0.781441,3.945312,48.449329,1700.062500,2498.812500,11.625000,1700.812500,2498.250000,10.875000,612,19.154358,21.776917,541,19.287109,21.910431
e00fce682c26b88b84ab26f2,2001-01-01.1,978425743,24.974060,22.197800,0.003540,0.002808,0.001709,0.312500,-1.172161,3.945312,47.667889,1699.875000,2499.000000,11.437500,1700.250000,2498.437500,10.875000,607,19.139099,21.776917,547,19.258118,21.897079
e00fce682c26b88b84ab26f2,2001-01-01.1,978426841,24.874878,22.328644,0.003540,0.002808,0.001709,0.312500,-0.781441,3.925781,193.797318,1700.812500,2498.812500,11.625000,1700.062500,2498.625000,10.875000,585,19.061279,21.763565,536,19.299316,21.841003
e00fce682c26b88b84ab26f2,2001-01-01.1,978427804,24.748230,22.336655,0.006104,0.004761,0.003052,0.312500,-0.781441,3.945312,47.667889,1699.875000,2498.812500,11.437500,1700.250000,2498.250000,10.875000,608,19.001770,21.750214,524,19.166565,21.883728
e00fce682c26b88b84ab26f2,2001-01-01.1,978428766,24.577332,22.328644,0.006104,0.004761,0.003052,0.312500,-0.781441,3.945312,48.449329,1700.062500,2499.000000,11.625000,1700.250000,2498.437500,10.875000,595,18.988037,21.776917,518,19.152832,21.867706
e00fce682c26b88b84ab26f2,2001-01-01.1,978429728,24.472046,22.328644,0.003540,0.002808,0.001709,0.312500,-0.781441,3.945312,47.667889,1699.500000,2499.187500,11.625000,1699.875000,2498.625000,10.875000,578,18.923950,21.750214,547,19.136047,21.867706
e00fce682c26b88b84ab26f2,2001-01-01.1,978430825,24.433899,22.440796,0.003540,0.002808,0.001709,0.292969,-0.781441,3.925781,144.566544,1699.687500,2499.000000,11.625000,1700.250000,2498.250000,10.875000,566,18.847656,21.750214,535,19.047546,21.867706
e00fce682c26b88b84ab26f2,2001-01-01.1,978431787,24.342346,22.582321,0.003540,0.002808,0.001709,0.312500,-0.781441,3.945312,47.667889,1700.625000,2499.000000,11.625000,1701.562500,2498.437500,10.875000,568,18.792725,21.819641,519,19.010925,21.966507
e00fce682c26b88b84ab26f2,2001-01-01.1,978432749,24.508667,22.456818,0.003540,0.002808,0.001709,0.312500,-0.781441,3.945312,48.449329,1701.375000,2499.000000,11.625000,1702.125000,2498.437500,10.875000,557,18.731689,21.819641,510,18.994141,21.982529
e00fce682c26b88b84ab26f2,2001-01-01.1,978433711,24.662781,22.328644,0.003540,0.002686,0.001709,0.312500,-0.781441,3.945312,47.667889,1701.562500,2499.000000,11.625000,1701.937500,2498.625000,10.875000,566,18.760681,21.819641,501,18.948364,21.982529
e00fce682c26b88b84ab26f2,2001-01-01.1,978434827,24.665833,22.582321,0.003540,0.002808,0.001709,0.312500,-0.781441,3.925781,143.003677,1700.812500,2499.000000,11.625000,1701.187500,2498.812500,10.875000,567,18.745422,21.776917,484,18.933105,21.926453
e00fce682c26b88b84ab26f2,2001-01-01.1,978435789,24.681091,22.328644,0.003540,0.002808,0.001709,0.312500,-0.781441,3.945312,47.667889,1700.812500,2499.000000,11.437500,1701.375000,2498.437500,10.875000,563,18.713379,21.790268,506,18.902588,21.926453
e00fce682c26b88b84ab26f2,2001-01-01.1,978436751,24.777222,22.582321,0.003540,0.002808,0.001709,0.312500,-0.781441,3.945312,48.449329,1701.187500,2499.187500,11.437500,1701.562500,2498.437500,10.875000,543,18.672180,21.819641,514,18.887329,21.939804
e00fce682c26b88b84ab26f2,2001-01-01.1,978437713,25.138855,22.355347,0.006104,0.004761,0.003052,0.312500,-0.781441,3.945312,47.667889,1701.000000,2498.812500,11.625000,1701.562500,2498.437500,10.875000,557,18.760681,21.819641,484,18.916321,21.926453
e00fce682c26b88b84ab26f2,2001-01-01.1,978438811,26.116943,22.328644,0.006104,0.004761,0.003052,0.312500,-0.781441,3.925781,144.566544,1700.437500,2498.812500,11.625000,1700.812500,2498.437500,10.875000,547,18.923950,21.763565,512,19.006348,21.897079
e00fce682c26b88b84ab26f2,2001-01-01.1,978439773,26.904297,22.328644,0.003540,0.002686,0.001709,0.312500,-1.172161,3.945312,47.667889,1699.875000,2498.812500,11.437500,1700.437500,2498.250000,10.875000,542,19.168091,21.750214,475,19.079590,21.897079
e00fce682c26b88b84ab26f2,2001-01-01.1,978440735,27.879333,22.299271,0.001709,0.001465,0.000854,0.312500,-0.781441,3.945312,48.449329,1699.875000,2499.000000,11.437500,1700.625000,2498.625000,10.875000,541,19.456482,21.763565,483,19.273376,21.926453
e00fce682c26b88b84ab26f2,2001-01-01.1,978441697,28.402710,22.197800,0.001709,0.001465,0.000854,0.312500,-0.781441,3.945312,47.667889,1700.062500,2499.187500,11.437500,1700.437500,2498.437500,10.875000,560,19.729614,21.734184,507,19.493103,21.897079
e00fce682c26b88b84ab26f2,2001-01-01.1,978442794,29.672241,22.197800,0.001709,0.001465,0.000854,0.312500,-1.172161,3.925781,144.566544,1699.312500,2498.812500,11.437500,1699.687500,2498.437500,10.875000,542,19.985962,21.675438,488,19.670105,21.854355
e00fce682c26b88b84ab26f2,2001-01-01.1,978443756,30.317688,22.080307,0.001709,0.001465,0.000854,0.312500,-0.781441,3.945312,47.667889,1698.562500,2499.187500,11.437500,1698.562500,2498.625000,10.875000,541,20.301819,21.662086,504,19.905090,21.784927
e00fce682c26b88b84ab26f2,2001-01-01.1,978444718,30.937195,22.080307,0.001709,0.001465,0.000854,0.312500,-0.781441,3.945312,48.449329,1696.687500,2499.000000,11.437500,1696.875000,2498.625000,10.875000,535,20.573425,21.592659,456,20.123291,21.728844
e00fce682c26b88b84ab26f2,2001-01-01.1,978445680,30.976868,22.080307,0.001709,0.001465,0.000854,0.312500,-0.781441,3.945312,47.667889,1695.937500,2499.000000,11.437500,1696.125000,2498.625000,10.875000,545,20.814514,21.563286,499,20.356750,21.683449
e00fce682c26b88b84ab26f2,2001-01-01.1,978446779,31.254578,22.080307,0.001709,0.001343,0.000854,0.312500,-0.781441,3.925781,144.566544,1695.750000,2498.812500,11.437500,1696.500000,2498.437500,10.875000,534,21.102905,21.576637,485,20.613098,21.728844
e00fce682c26b88b84ab26f2,2001-01-01.1,978447741,31.834412,22.080307,0.001709,0.001465,0.000854,0.312500,-0.781441,3.945312,47.667889,1695.562500,2499.187500,11.437500,1695.937500,2498.625000,10.687500,535,21.282959,21.563286,498,20.770264,21.670097
e00fce682c26b88b84ab26f2,2001-01-01.1,978448703,31.958008,21.954803,0.001709,0.001465,0.000854,0.312500,-0.781441,3.945312,48.449329,1695.187500,2498.812500,11.437500,1695.562500,2498.437500,10.875000,549,21.464539,21.520561,478,20.935059,21.683449
e00fce682c26b88b84ab26f2,2001-01-01.1,978449665,32.676697,22.048264,0.003052,0.002441,0.001587,0.312500,-0.781441,3.945312,47.667889,1694.625000,2499.375000,11.437500,1695.000000,2498.437500,10.687500,545,21.675110,21.480507,499,21.139526,21.614021
e00fce682c26b88b84ab26f2,2001-01-01.1,978450781,32.710266,22.048264,0.001709,0.001343,0.000854,0.312500,-0.781441,3.925781,144.566544,1694.437500,2499.000000,11.437500,1695.000000,2498.437500,10.875000,554,21.890259,21.520561,468,21.290588,21.654076
e00fce682c26b88b84ab26f2,2001-01-01.1,978451743,33.067322,21.954803,0.003052,0.002441,0.001587,0.312500,-0.781441,3.945312,47.667889,1695.000000,2498.812500,11.437500,1695.375000,2498.437500,10.875000,527,22.041321,21.536583,490,21.484375,21.683449
e00fce682c26b88b84ab26f2,2001-01-01.1,978452705,33.319092,21.954803,0.001709,0.001465,0.000854,0.312500,-0.781441,3.945312,48.449329,1695.187500,2498.812500,11.437500,1695.187500,2498.625000,10.875000,547,22.297668,21.507210,495,21.612549,21.640724
e00fce682c26b88b84ab26f2,2001-01-01.1,978453667,33.465576,21.954803,0.003052,0.002441,0.001587,0.312500,-0.781441,3.945312,47.667889,1694.437500,2499.000000,11.437500,1694.062500,2498.437500,10.875000,546,22.445679,21.464485,490,21.818542,21.614021
e00fce682c26b88b84ab26f2,2001-01-01.1,978454784,34.117126,22.080307,0.003052,0.002441,0.001587,0.312500,-0.781441,3.925781,146.129425,1693.500000,2498.812500,11.437500,1693.500000,2498.625000,10.687500,542,22.691345,21.464485,495,22.027588,21.584648
e00fce682c26b88b84ab26f2,2001-01-01.1,978455746,34.175110,22.018890,0.003052,0.002441,0.001587,0.312500,-0.781441,3.945312,47.667889,1693.312500,2499.000000,11.437500,1693.687500,2498.625000,10.687500,535,22.839355,21.437782,461,22.175598,21.584648
e00fce682c26b88b84ab26f2,2001-01-01.1,978456708,34.281921,22.018890,0.001709,0.001465,0.000854,0.312500,-0.781441,3.945312,48.449329,1693.312500,2499.000000,11.437500,1693.875000,2498.625000,10.875000,529,22.994995,21.480507,498,22.294617,21.598000
e00fce682c26b88b84ab26f2,2001-01-01.1,978457670,34.561157,21.821289,0.003052,0.002441,0.001587,0.312500,-0.781441,3.945312,47.667889,1693.500000,2499.187500,11.437500,1693.500000,2498.625000,10.687500,540,23.153687,21.451134,468,22.485352,21.571297
e00fce682c26b88b84ab26f2,2001-01-01.1,978458767,34.619141,21.850662,0.001709,0.001343,0.000854,0.312500,-0.781441,3.925781,143.785110,1692.375000,2498.812500,11.437500,1692.562500,2498.625000,10.687500,545,23.332214,21.395058,487,22.599792,21.528572
e00fce682c26b88b84ab26f2,2001-01-01.1,978459729,34.628296,21.962814,0.001709,0.001465,0.000854,0.312500,-0.781441,3.945312,48.449329,1692.187500,2498.812500,11.437500,1692.375000,2498.437500,10.687500,530,23.503113,21.408409,486,22.793579,21.541924
e00fce682c26b88b84ab26f2,2001-01-01.1,978460691,34.793091,21.821289,0.001709,0.001465,0.000854,0.312500,-0.781441,3.945312,48.449329,1692.375000,2498.812500,11.437500,1692.750000,2498.437500,10.875000,539,23.617554,21.424431,489,22.871399,21.571297
e00fce682c26b88b84ab26f2,2001-01-01.1,978461653,34.873962,21.954803,0.003052,0.002441,0.001587,0.312500,-0.781441,3.945312,47.667889,1692.562500,2499.000000,11.437500,1693.125000,2498.625000,10.875000,537,23.745728,21.437782,493,23.063660,21.584648
e00fce682c26b88b84ab26f2,2001-01-01.1,978462750,35.218811,22.080307,0.001709,0.001343,0.000854,0.312500,-0.781441,3.925781,146.129425,1692.750000,2499.000000,11.437500,1693.687500,2498.437500,10.687500,543,23.873901,21.424431,506,23.228455,21.584648
e00fce682c26b88b84ab26f2,2001-01-01.1,978463712,34.925842,21.954803,0.001709,0.001343,0.000854,0.312500,-0.781441,3.945312,47.667889,1692.937500,2499.000000,11.437500,1693.312500,2498.437500,10.687500,542,23.931885,21.464485,503,23.300171,21.584648
e00fce682c26b88b84ab26f2,2001-01-01.1,978464674,34.924316,21.946793,0.001709,0.001465,0.000854,0.312500,-0.781441,3.945312,48.449329,1692.187500,2499.187500,11.437500,1692.000000,2498.437500,10.687500,562,24.038696,21.381706,505,23.391724,21.528572
e00fce682c26b88b84ab26f2,2001-01-01.1,978465636,34.693909,22.197800,0.001709,0.001465,0.000977,0.312500,-0.781441,3.945312,48.449329,1691.437500,2499.000000,11.437500,1691.625000,2498.437500,10.875000,562,24.194336,21.365685,515,23.474121,21.501869
e00fce682c26b88b84ab26f2,2001-01-01.1,978466753,34.867859,21.882706,0.005005,0.003906,0.002686,0.312500,-0.781441,3.925781,144.566544,1691.437500,2499.000000,11.437500,1692.187500,2498.625000,10.687500,565,24.267578,21.381706,514,23.556519,21.515221
e00fce682c26b88b84ab26f2,2001-01-01.1,978467715,34.886169,22.080307,0.000488,0.000488,0.000366,0.312500,-0.781441,3.945312,47.667889,1692.937500,2499.000000,11.437500,1694.062500,2498.437500,10.687500,570,24.317932,21.493858,504,23.716736,21.614021
e00fce682c26b88b84ab26f2,2001-01-01.1,978468677,34.548950,22.197800,0.000366,0.000366,0.000244,0.312500,-0.781441,3.945312,48.449329,1694.062500,2498.812500,11.437500,1695.187500,2498.625000,10.687500,556,24.462891,21.563286,489,23.844910,21.654076
e00fce682c26b88b84ab26f2,2001-01-01.1,978469639,34.802246,22.133713,0.000366,0.000366,0.000244,0.312500,-0.781441,3.945312,47.667889,1695.000000,2498.812500,11.437500,1695.750000,2498.625000,10.687500,563,24.536133,21.606010,484,23.927307,21.670097
e00fce682c26b88b84ab26f2,2001-01-01.1,978470794,34.927368,22.197800,0.000366,0.000366,0.000244,0.312500,-0.781441,3.925781,146.910873,1695.187500,2498.812500,11.437500,1695.937500,2498.625000,10.687500,557,24.661255,21.576637,506,24.105835,21.670097
e00fce682c26b88b84ab26f2,2001-01-01.1,978471756,34.555054,22.133713,0.000366,0.000366,0.000244,0.312500,-0.781441,3.945312,48.449329,1695.750000,2499.000000,11.437500,1697.062500,2498.625000,10.687500,576,24.710083,21.632713,491,24.151611,21.715492
e00fce682c26b88b84ab26f2,2001-01-01.1,978472719,34.504700,22.328644,0.000732,0.000732,0.000488,0.312500,-0.781441,3.945312,48.449329,1697.250000,2499.000000,11.437500,1699.125000,2498.250000,10.687500,567,24.784851,21.720833,517,24.215698,21.827652
e00fce682c26b88b84ab26f2,2001-01-01.1,978473681,35.118103,22.355347,0.000366,0.000366,0.000244,0.312500,-0.781441,3.945312,47.667889,1698.375000,2499.000000,11.437500,1700.062500,2498.437500,10.687500,586,24.871826,21.750214,503,24.327087,21.867706
e00fce682c26b88b84ab26f2,2001-01-01.1,978474778,34.785461,22.582321,0.000732,0.000610,0.000366,0.312500,-0.781441,3.925781,145.347977,1698.937500,2498.812500,11.437500,1700.437500,2498.250000,10.687500,574,24.972534,21.776917,538,24.436951,21.867706
e00fce682c26b88b84ab26f2,2001-01-01.1,978475740,35.163879,22.582321,0.000366,0.000366,0.000244,0.312500,-0.781441,3.945312,47.667889,1699.125000,2499.000000,11.437500,1700.812500,2498.437500,10.687500,584,25.100708,21.790268,518,24.577332,21.867706
e00fce682c26b88b84ab26f2,2001-01-01.1,978476702,26.231384,22.267227,0.000000,0.000000,0.000000,0.312500,-0.781441,3.945312,48.449329,1701.750000,2498.812500,11.437500,1704.187500,2498.437500,10.687500,585,25.277710,21.862366,539,24.771118,22.078659
e00fce682c26b88b84ab26f2,2001-01-01.1,978477664,23.719788,22.582321,0.000000,0.000000,0.000000,0.312500,-0.781441,3.945312,47.667889,1690.312500,2498.812500,11.625000,1695.375000,2498.437500,10.875000,611,24.902344,21.958496,517,24.293518,22.009232
e00fce682c26b88b84ab26f2,2021-11-02.1,1635828024,30.047607,22.697144,0.000000,0.000000,0.000000,0.312500,-0.781441,3.984375,57.826618,1698.187500,2499.187500,11.625000,1695.750000,2498.625000,11.062500,553,25.695801,21.763565,487,26.153564,21.867706
e00fce682c26b88b84ab26f2,2021-11-02.1,1635828214,29.878235,22.854691,0.000000,0.000000,0.000000,0.312500,-0.781441,3.984375,53.919415,1698.750000,2499.000000,11.625000,1696.875000,2498.625000,11.062500,565,25.535583,21.889069,463,26.062012,21.953156
e00fce682c26b88b84ab26f2,2021-11-02.1,1635829297,29.930115,22.825317,0.000000,0.000000,0.000000,0.312500,-0.781441,3.984375,103.150185,1698.562500,2499.000000,11.625000,1697.062500,2498.437500,11.062500,569,25.721741,21.707481,492,26.152039,21.827652
e00fce682c26b88b84ab26f2,2021-11-02.1,1635830259,30.398560,22.697144,0.000000,0.000000,0.000000,0.312500,-0.781441,3.984375,21.880342,1698.750000,2499.000000,11.625000,1697.062500,2498.625000,11.062500,557,25.675964,21.675438,474,26.162720,21.811630
e00fce682c26b88b84ab26f2,2021-11-02.1,1635831221,30.180359,22.603683,0.000000,0.000000,0.000000,0.312500,-0.781441,3.984375,46.886448,1698.000000,2499.000000,11.625000,1695.375000,2498.625000,11.062500,567,25.718689,21.675438,453,26.161194,21.771576
e00fce682c26b88b84ab26f2,2021-11-02.1,1635832319,30.027771,22.582321,0.000000,0.000000,0.000000,0.292969,-0.781441,3.964844,142.222229,1696.875000,2499.187500,11.625000,1694.812500,2498.625000,11.062500,576,25.685120,21.606010,483,26.087952,21.696800
e00fce682c26b88b84ab26f2,2021-11-02.1,1635833281,29.841614,22.582321,0.000000,0.000000,0.000000,0.312500,-0.781441,4.003906,47.667889,1696.875000,2499.000000,11.625000,1694.812500,2498.625000,10.875000,564,25.585938,21.606010,468,26.062012,21.728844
e00fce682c26b88b84ab26f2,2021-11-02.1,1635834243,30.381775,22.432785,0.000000,0.000000,0.000000,0.312500,-0.781441,3.984375,47.667889,1696.312500,2499.000000,11.625000,1694.812500,2498.437500,10.875000,565,25.613403,21.606010,463,26.048279,21.742195
e00fce682c26b88b84ab26f2,2021-11-02.1,1635835205,30.506897,22.456818,0.000000,0.000000,0.000000,0.312500,-0.781441,4.003906,35.164837,1695.562500,2499.187500,11.812500,1692.375000,2498.437500,11.062500,542,25.627136,21.576637,473,26.014709,21.640724
e00fce682c26b88b84ab26f2,2021-11-02.1,1635836407,30.532837,22.320633,0.000000,0.000000,0.000000,0.312500,-0.781441,3.984375,106.275948,1694.062500,2499.000000,11.625000,1690.875000,2498.437500,11.062500,562,25.631714,21.480507,477,26.034546,21.541924
e00fce682c26b88b84ab26f2,2021-11-02.1,1635837369,30.279541,22.582321,0.000000,0.000000,0.000000,0.312500,-0.781441,3.984375,21.098900,1693.500000,2499.187500,11.625000,1692.375000,2498.250000,11.062500,578,25.579834,21.493858,460,26.037598,21.598000
e00fce682c26b88b84ab26f2,2021-11-02.1,1635838331,30.700684,22.456818,0.000000,0.000000,0.000000,0.312500,-0.781441,3.984375,47.667889,1694.062500,2499.000000,11.625000,1693.312500,2498.250000,11.062500,556,25.650024,21.520561,480,26.069641,21.654076
e00fce682c26b88b84ab26f2,2021-11-02.1,1635839293,30.731201,22.328644,0.000000,0.000000,0.000000,0.312500,-0.781441,3.984375,47.667889,1694.062500,2498.812500,11.625000,1692.750000,2498.625000,10.875000,575,25.622559,21.520561,468,26.042175,21.640724
e00fce682c26b88b84ab26f2,2021-11-02.1,1635840391,30.822754,22.328644,0.000000,0.000000,0.000000,0.312500,-0.781441,3.964844,144.566544,1692.937500,2499.000000,11.625000,1690.125000,2498.437500,10.875000,564,25.588989,21.464485,444,26.020813,21.541924
e00fce682c26b88b84ab26f2,2021-11-02.1,1635841353,30.525208,22.328644,0.000000,0.000000,0.000000,0.312500,-0.781441,3.984375,47.667889,1691.250000,2498.812500,11.625000,1688.250000,2498.625000,11.062500,560,25.558472,21.408409,476,25.973511,21.472496
e00fce682c26b88b84ab26f2,2021-11-02.1,1635842315,30.316162,22.328644,0.000000,0.000000,0.000000,0.312500,-0.781441,4.003906,47.667889,1690.500000,2499.000000,11.625000,1688.250000,2498.625000,11.062500,554,25.543213,21.381706,482,25.961304,21.459145
e00fce682c26b88b84ab26f2,2021-11-02.1,1635843277,30.358887,22.328644,0.000000,0.000000,0.000000,0.312500,-0.781441,3.984375,47.667889,1690.125000,2499.000000,11.625000,1689.187500,2498.437500,11.062500,562,25.485229,21.365685,479,25.933838,21.485847
e00fce682c26b88b84ab26f2,2021-11-02.1,1635844374,30.110168,22.328644,0.000000,0.000000,0.000000,0.312500,-0.781441,3.964844,111.746033,1690.312500,2499.000000,11.625000,1689.562500,2498.437500,11.062500,579,25.428772,21.395058,468,25.865173,21.501869
e00fce682c26b88b84ab26f2,2021-11-02.1,1635845336,30.136108,22.133713,0.000000,0.000000,0.000000,0.312500,-0.781441,3.984375,21.098900,1690.312500,2499.000000,11.625000,1688.250000,2498.812500,11.062500,553,25.411987,21.352333,463,25.822449,21.459145
e00fce682c26b88b84ab26f2,2021-11-02.1,1635846298,30.171204,22.080307,0.000000,0.000000,0.000000,0.312500,-0.781441,3.984375,47.667889,1689.000000,2499.187500,11.625000,1685.812500,2498.625000,10.875000,563,25.369263,21.325630,468,25.787354,21.360344
e00fce682c26b88b84ab26f2,2021-11-02.1,1635847260,30.201721,22.133713,0.000000,0.000000,0.000000,0.312500,-0.781441,3.984375,47.667889,1687.125000,2499.000000,11.625000,1684.125000,2498.437500,11.062500,567,25.364685,21.253532,466,25.767517,21.274895
e00fce682c26b88b84ab26f2,2021-11-02.1,1635848395,29.829407,22.104340,0.000000,0.000000,0.000000,0.292969,-0.781441,3.984375,106.275948,1686.000000,2498.812500,11.812500,1683.562500,2498.625000,11.062500,559,25.318909,21.213470,491,25.698853,21.261543
e00fce682c26b88b84ab26f2,2021-11-02.1,1635849357,29.656982,22.080307,0.000000,0.000000,0.000000,0.312500,-0.781441,3.984375,47.667889,1685.812500,2499.000000,11.625000,1684.312500,2498.250000,11.062500,551,25.305176,21.226822,451,25.685120,21.274895
e00fce682c26b88b84ab26f2,2021-11-02.1,1635850319,29.458618,22.080307,0.000000,0.000000,0.000000,0.312500,-0.781441,3.984375,47.667889,1686.000000,2499.000000,11.812500,1684.687500,2498.437500,10.875000,537,25.233459,21.213470,471,25.631714,21.317619
e00fce682c26b88b84ab26f2,2021-11-02.1,1635851281,29.934692,22.080307,0.000000,0.000000,0.000000,0.312500,-0.781441,3.984375,21.098900,1686.562500,2498.812500,11.812500,1685.250000,2498.437500,11.062500,559,25.163269,21.226822,479,25.634766,21.346992
e00fce682c26b88b84ab26f2,2021-11-02.1,1635852405,30.125427,22.080307,0.000000,0.000000,0.000000,0.312500,-0.781441,3.984375,90.647133,1686.000000,2499.000000,11.625000,1684.875000,2498.437500,11.062500,555,25.218201,21.213470,466,25.576782,21.330971
e00fce682c26b88b84ab26f2,2021-11-02.1,1635853367,29.986572,22.088318,0.000000,0.000000,0.000000,0.312500,-0.781441,3.984375,47.667889,1686.187500,2499.000000,11.812500,1684.500000,2498.437500,11.062500,563,25.247192,21.197449,480,25.590515,21.317619
e00fce682c26b88b84ab26f2,2021-11-02.1,1635854329,30.020142,22.080307,0.000000,0.000000,0.000000,0.312500,-0.781441,3.984375,21.880342,1686.000000,2499.000000,11.812500,1683.937500,2498.437500,11.062500,562,25.190735,21.197449,477,25.563049,21.290916
e00fce682c26b88b84ab26f2,2021-11-02.1,1635855291,29.293823,22.080307,0.000000,0.000000,0.000000,0.312500,-0.781441,3.984375,47.667889,1686.750000,2499.000000,11.812500,1685.250000,2498.437500,11.062500,576,25.146484,21.197449,494,25.492859,21.304268
e00fce682c26b88b84ab26f2,2021-11-02.1,1635856617,29.847717,22.088318,0.000000,0.000000,0.000000,0.312500,-0.781441,3.964844,107.057388,1688.062500,2499.000000,11.625000,1687.875000,2498.437500,11.062500,580,25.137329,21.253532,490,25.502014,21.416420
e00fce682c26b88b84ab26f2,2021-11-02.1,1635857579,29.843140,22.088318,0.000000,0.000000,0.000000,0.312500,-0.781441,3.984375,21.880342,1688.812500,2498.812500,11.812500,1689.375000,2498.625000,11.062500,569,25.112915,21.309608,504,25.489807,21.485847
e00fce682c26b88b84ab26f2,2021-11-02.1,1635858541,29.988098,22.104340,0.000000,0.000000,0.000000,0.312500,-0.781441,3.984375,48.449329,1689.937500,2499.187500,11.625000,1689.750000,2498.437500,11.062500,586,25.131226,21.352333,484,25.479126,21.501869
e00fce682c26b88b84ab26f2,2021-11-02.1,1635859503,30.575562,22.104340,0.000000,0.000000,0.000000,0.312500,-0.781441,3.984375,47.667889,1690.312500,2498.812500,11.625000,1688.437500,2498.437500,10.875000,591,25.128174,21.338982,494,25.502014,21.443123
e00fce682c26b88b84ab26f2,2021-11-02.1,1635860620,30.364990,22.197800,0.000000,0.000000,0.000000,0.332031,-0.781441,3.945312,171.916977,1689.750000,2499.000000,11.812500,1688.250000,2498.437500,11.062500,579,25.114441,21.352333,503,25.502014,21.429771
e00fce682c26b88b84ab26f2,2021-11-02.1,1635861582,30.465698,22.133713,0.000122,0.000122,0.000122,0.312500,-0.781441,3.984375,47.667889,1690.875000,2499.187500,11.625000,1689.937500,2498.812500,10.875000,591,25.117493,21.395058,465,25.531006,21.472496
e00fce682c26b88b84ab26f2,2021-11-02.1,1635862544,30.067444,22.080307,0.000122,0.000122,0.000122,0.312500,-0.781441,3.984375,47.667889,1692.375000,2499.000000,11.812500,1692.562500,2498.437500,11.062500,583,25.151062,21.451134,489,25.497437,21.571297
e00fce682c26b88b84ab26f2,2021-11-02.1,1635863506,30.470276,22.197800,0.000122,0.000122,0.000122,0.312500,-0.781441,3.984375,47.667889,1694.437500,2499.000000,11.812500,1695.562500,2498.437500,11.062500,575,25.196838,21.520561,513,25.563049,21.696800
e00fce682c26b88b84ab26f2,2021-11-02.1,1635864635,30.274963,22.336655,0.000122,0.000122,0.000122,0.312500,-0.781441,3.964844,143.003677,1697.437500,2499.187500,11.812500,1698.000000,2498.437500,11.062500,592,25.149536,21.632713,506,25.502014,21.827652
e00fce682c26b88b84ab26f2,2021-11-02.1,1635865597,30.467224,22.336655,0.000122,0.000122,0.000122,0.312500,-0.781441,3.984375,47.667889,1699.500000,2499.187500,11.625000,1699.687500,2498.625000,11.062500,595,25.154114,21.720833,476,25.503540,21.883728
e00fce682c26b88b84ab26f2,2021-11-02.1,1635866559,30.606079,22.328644,0.000244,0.000244,0.000244,0.312500,-0.781441,3.984375,20.317461,1701.375000,2499.000000,11.625000,1700.812500,2498.437500,11.062500,624,25.155640,21.750214,520,25.480652,21.926453
e00fce682c26b88b84ab26f2,2021-11-02.1,1635867521,30.390930,22.582321,0.000244,0.000244,0.000244,0.312500,-0.781441,3.984375,42.979244,1703.437500,2499.187500,11.812500,1703.062500,2498.437500,11.062500,623,25.149536,21.862366,547,25.471497,22.022583
e00fce682c26b88b84ab26f2,2021-11-02.1,1635868639,30.174255,22.587662,0.000244,0.000244,0.000244,0.312500,-0.781441,3.964844,107.057388,1705.687500,2499.187500,11.812500,1706.062500,2498.625000,11.062500,621,25.128174,21.974518,547,25.466919,22.137405
e00fce682c26b88b84ab26f2,2021-11-02.1,1635869601,29.811096,22.603683,0.000122,0.000122,0.000122,0.312500,-0.781441,3.984375,21.098900,1707.937500,2499.000000,11.625000,1708.312500,2498.250000,11.062500,605,25.105286,22.030594,531,25.430298,22.233536
e00fce682c26b88b84ab26f2,2021-11-02.1,1635870563,29.530334,22.766571,0.000122,0.000122,0.000122,0.312500,-0.781441,3.984375,47.667889,1709.812500,2499.187500,11.625000,1709.812500,2498.437500,11.062500,603,25.012207,22.129395,485,25.268555,22.292290
e00fce682c26b88b84ab26f2,2021-11-02.1,1635871525,29.574585,22.956161,0.000244,0.000244,0.000244,0.312500,-0.781441,3.984375,47.667889,1711.687500,2499.000000,11.625000,1711.312500,2498.437500,11.062500,624,24.902344,22.185471,526,25.245667,22.364388
e00fce682c26b88b84ab26f2,2021-11-02.1,1635872643,29.364014,22.956161,0.000244,0.000244,0.000244,0.312500,-0.781441,3.964844,107.057388,1713.375000,2499.000000,11.625000,1711.875000,2498.437500,11.062500,616,24.922180,22.254906,518,25.164795,22.391090
e00fce682c26b88b84ab26f2,2021-11-02.1,1635873605,29.461670,22.956161,0.000122,0.000122,0.000122,0.312500,-0.781441,3.984375,47.667889,1714.312500,2499.000000,11.812500,1714.312500,2498.625000,11.062500,624,24.826050,22.327003,528,25.155640,22.463188
e00fce682c26b88b84ab26f2,2021-11-02.1,1635874567,29.449463,22.956161,0.000244,0.000244,0.000244,0.312500,-0.781441,3.984375,20.317461,1716.375000,2499.000000,11.625000,1716.375000,2498.437500,11.062500,612,24.801636,22.383080,520,25.137329,22.575340
e00fce682c26b88b84ab26f2,2021-11-02.1,1635875529,29.344177,23.073654,0.000122,0.000122,0.000122,0.312500,-0.781441,3.984375,21.098900,1718.250000,2499.000000,11.812500,1717.687500,2498.625000,11.062500,621,24.746704,22.439156,551,25.030518,22.631416
e00fce682c26b88b84ab26f2,2021-11-02.1,1635876665,28.195190,23.073654,0.000122,0.000122,0.000122,0.312500,-0.781441,3.964844,102.368744,1718.812500,2499.000000,11.625000,1717.687500,2498.625000,11.062500,603,24.565125,22.455177,511,24.929810,22.618065
e00fce682c26b88b84ab26f2,2021-11-02.1,1635877627,28.073120,23.263245,0.000000,0.000122,0.000000,0.312500,-0.781441,3.984375,47.667889,1717.875000,2499.187500,11.625000,1716.562500,2498.625000,10.875000,608,24.481201,22.481880,512,24.806213,22.588692
e00fce682c26b88b84ab26f2,2021-11-02.1,1635878589,28.105164,23.089676,0.000122,0.000122,0.000122,0.312500,-0.781441,3.984375,47.667889,1716.750000,2498.812500,11.625000,1715.250000,2498.625000,11.062500,602,24.349976,22.439156,490,24.674988,22.519264
e00fce682c26b88b84ab26f2,2021-11-02.1,1635879551,27.265930,23.073654,0.000122,0.000122,0.000122,0.312500,-0.781441,3.984375,47.667889,1716.187500,2499.187500,11.625000,1715.437500,2498.437500,11.062500,589,24.234009,22.412453,482,24.565125,22.532616
e00fce682c26b88b84ab26f2,2021-11-02.1,1635880666,27.612305,23.073654,0.000000,0.000000,0.000000,0.312500,-0.781441,3.964844,107.057388,1714.687500,2499.000000,11.812500,1714.312500,2498.812500,11.062500,580,24.075317,22.383080,476,24.449158,22.463188
e00fce682c26b88b84ab26f2,2021-11-02.1,1635881628,27.873230,23.105698,0.000122,0.000122,0.000122,0.312500,-0.781441,3.984375,47.667889,1714.312500,2499.187500,11.625000,1714.125000,2498.625000,11.062500,561,24.060059,22.343025,472,24.407959,22.463188
e00fce682c26b88b84ab26f2,2021-11-02.1,1635882590,28.082275,23.073654,0.000000,0.000122,0.000000,0.312500,-0.781441,3.984375,47.667889,1713.187500,2499.000000,11.625000,1713.000000,2498.437500,11.062500,579,24.070740,22.313652,498,24.375916,22.407112
e00fce682c26b88b84ab26f2,2021-11-02.1,1635883552,27.624512,22.956161,0.000122,0.000122,0.000122,0.312500,-0.781441,3.984375,47.667889,1712.437500,2499.000000,11.812500,1710.937500,2498.437500,11.062500,584,23.941040,22.270927,472,24.316406,22.364388
e00fce682c26b88b84ab26f2,2021-11-02.1,1635884800,27.259827,23.049622,0.000000,0.000000,0.000000,0.312500,-0.781441,3.964844,107.838829,1709.812500,2499.000000,11.812500,1707.187500,2498.437500,11.062500,592,23.846436,22.142746,495,24.169922,22.206833
e00fce682c26b88b84ab26f2,2021-11-02.1,1635885762,27.760315,22.886734,0.000000,0.000000,0.000000,0.312500,-0.781441,3.984375,20.317461,1708.312500,2499.187500,11.625000,1705.312500,2498.625000,11.062500,586,23.800659,22.086670,460,24.179077,22.137405
e00fce682c26b88b84ab26f2,2021-11-02.1,1635886724,27.333069,22.956161,0.000122,0.000122,0.000122,0.312500,-0.781441,3.984375,47.667889,1706.812500,2499.187500,11.812500,1703.625000,2498.625000,11.062500,575,23.785400,22.030594,484,24.102783,22.051956
e00fce682c26b88b84ab26f2,2021-11-02.1,1635887686,27.488708,22.761230,0.000122,0.000122,0.000122,0.312500,-0.781441,4.003906,47.667889,1705.312500,2499.000000,11.625000,1702.125000,2498.625000,11.062500,575,23.739624,21.987869,469,24.128723,21.995880
e00fce682c26b88b84ab26f2,2021-11-02.1,1635888825,27.005005,22.635727,0.000000,0.000000,0.000000,0.332031,-0.781441,3.964844,89.084251,1703.812500,2499.187500,11.812500,1700.625000,2498.437500,11.062500,565,23.663330,21.902420,494,24.000549,21.953156
e00fce682c26b88b84ab26f2,2021-11-02.1,1635889787,27.140808,22.825317,0.000000,0.000122,0.000000,0.312500,-0.781441,4.003906,47.667889,1702.687500,2499.000000,11.812500,1699.875000,2498.625000,11.062500,561,23.547363,21.875717,481,23.942566,21.897079
e00fce682c26b88b84ab26f2,2021-11-02.1,1635890749,27.664185,22.697144,0.000000,0.000122,0.000122,0.312500,-0.781441,3.984375,47.667889,1701.937500,2499.000000,11.625000,1698.750000,2498.437500,11.062500,571,23.558044,21.819641,469,23.886108,21.867706
e00fce682c26b88b84ab26f2,2021-11-02.1,1635891711,27.261353,22.582321,0.000000,0.000000,0.000000,0.312500,-0.781441,4.003906,47.667889,1701.187500,2499.000000,11.812500,1697.812500,2498.437500,11.062500,563,23.515320,21.806290,464,23.883057,21.827652
e00fce682c26b88b84ab26f2,2021-11-02.1,1635892908,27.233887,22.689133,0.000000,0.000000,0.000000,0.312500,-0.781441,3.964844,107.057388,1700.062500,2499.187500,11.812500,1697.250000,2498.437500,11.062500,576,23.498535,21.763565,475,23.840332,21.827652
e00fce682c26b88b84ab26f2,2021-11-02.1,1635893870,27.209473,22.603683,0.000000,0.000000,0.000000,0.312500,-0.781441,3.984375,47.667889,1699.875000,2498.812500,11.625000,1697.625000,2498.625000,11.062500,565,23.425293,21.763565,493,23.854065,21.811630
e00fce682c26b88b84ab26f2,2021-11-02.1,1635894832,27.687073,22.635727,0.000000,0.000122,0.000000,0.312500,-0.781441,3.984375,47.667889,1700.062500,2499.187500,11.625000,1698.562500,2498.625000,11.062500,565,23.442078,21.776917,485,23.803711,21.867706
e00fce682c26b88b84ab26f2,2021-11-02.1,1635895794,27.532959,22.582321,0.000000,0.000000,0.000000,0.312500,-0.781441,3.984375,47.667889,1700.812500,2499.187500,11.812500,1700.437500,2498.437500,10.875000,567,23.428345,21.776917,469,23.805237,21.926453
e00fce682c26b88b84ab26f2,2021-11-02.1,1635896974,27.769470,22.689133,0.000000,0.000000,0.000000,0.312500,-0.781441,3.984375,143.785110,1702.125000,2499.187500,11.625000,1701.750000,2498.437500,11.062500,574,23.429871,21.846344,459,23.794556,21.982529
e00fce682c26b88b84ab26f2,2021-11-02.1,1635897936,27.803040,22.681122,0.000000,0.000000,0.000000,0.312500,-0.781441,3.984375,47.667889,1702.875000,2499.000000,11.625000,1702.875000,2498.437500,10.875000,560,23.420715,21.875717,476,23.757935,22.022583
e00fce682c26b88b84ab26f2,2021-11-02.1,1635898898,28.550720,22.587662,0.000000,0.000122,0.000000,0.312500,-0.781441,3.984375,20.317461,1703.625000,2498.812500,11.812500,1703.062500,2498.625000,10.875000,579,23.464966,21.902420,460,23.823547,22.022583
e00fce682c26b88b84ab26f2,2021-11-02.1,1635899860,28.755188,22.582321,0.000000,0.000000,0.000000,0.312500,-0.781441,4.003906,46.105007,1703.812500,2499.000000,11.625000,1702.125000,2498.625000,11.062500,581,23.547363,21.902420,470,23.867798,22.009232
e00fce682c26b88b84ab26f2,2021-11-02.1,1635901051,28.700256,22.635727,0.000000,0.000000,0.000000,0.312500,-0.781441,3.964844,102.368744,1702.312500,2499.000000,11.812500,1699.312500,2498.437500,10.875000,579,23.515320,21.832993,498,23.858643,21.897079
e00fce682c26b88b84ab26f2,2021-11-02.1,1635902013,28.524780,22.697144,0.000000,0.000000,0.000000,0.312500,-0.781441,3.984375,47.667889,1700.437500,2499.000000,11.625000,1697.437500,2498.437500,11.062500,573,23.526001,21.776917,488,23.895264,21.811630
e00fce682c26b88b84ab26f2,2021-11-02.1,1635902975,28.398132,22.582321,0.000000,0.000000,0.000000,0.312500,-0.781441,3.984375,48.449329,1699.687500,2499.187500,11.625000,1696.875000,2498.437500,11.062500,562,23.608398,21.720833,482,23.881531,21.798279
e00fce682c26b88b84ab26f2,2021-11-02.1,1635903937,27.630615,22.587662,0.000000,0.000000,0.000000,0.312500,-0.781441,3.984375,47.667889,1700.062500,2499.187500,11.812500,1698.000000,2498.437500,11.062500,568,23.483276,21.750214,483,23.809814,21.811630
e00fce682c26b88b84ab26f2,2021-11-02.1,1635905055,27.519226,22.582321,0.000000,0.000000,0.000000,0.312500,-0.781441,3.964844,103.150185,1700.437500,2499.000000,11.812500,1699.687500,2498.437500,11.062500,580,23.455811,21.750214,478,23.776245,21.897079
e00fce682c26b88b84ab26f2,2021-11-02.1,1635906017,27.754211,22.635727,0.000000,0.000000,0.000000,0.312500,-0.781441,3.984375,47.667889,1701.562500,2498.812500,11.812500,1700.812500,2498.625000,11.062500,559,23.428345,21.806290,457,23.725891,21.966507
e00fce682c26b88b84ab26f2,2021-11-02.1,1635906979,27.770996,22.582321,0.000000,0.000000,0.000000,0.312500,-0.781441,3.984375,47.667889,1702.125000,2499.000000,11.812500,1700.812500,2498.437500,11.062500,561,23.374939,21.832993,468,23.695374,21.982529
e00fce682c26b88b84ab26f2,2021-11-02.1,1635907941,28.193665,22.582321,0.000000,0.000000,0.000000,0.312500,-0.781441,3.984375,47.667889,1701.000000,2498.812500,11.812500,1699.125000,2498.437500,11.062500,586,23.356628,21.790268,492,23.649597,21.897079
e00fce682c26b88b84ab26f2,2021-11-02.1,1635909062,28.274536,22.587662,0.000000,0.000000,0.000000,0.312500,-0.781441,3.964844,107.057388,1699.687500,2498.812500,11.812500,1696.687500,2498.437500,11.062500,568,23.352051,21.720833,488,23.725891,21.784927
e00fce682c26b88b84ab26f2,2021-11-02.1,1635910024,27.531433,22.673111,0.000000,0.000000,0.000000,0.312500,-0.781441,3.984375,47.667889,1698.750000,2499.000000,11.812500,1696.500000,2498.437500,11.062500,567,23.352051,21.707481,493,23.684692,21.784927
e00fce682c26b88b84ab26f2,2021-11-02.1,1635910986,27.902222,22.582321,0.000000,0.000000,0.000000,0.312500,-0.781441,3.984375,47.667889,1698.750000,2499.000000,11.812500,1698.000000,2498.437500,11.062500,582,23.324585,21.707481,456,23.645020,21.811630
e00fce682c26b88b84ab26f2,2021-11-02.1,1635911948,28.002930,22.582321,0.000000,0.000000,0.000000,0.312500,-0.781441,3.984375,18.754580,1699.875000,2498.812500,11.812500,1698.937500,2498.437500,11.062500,570,23.310852,21.734184,496,23.677063,21.883728
e00fce682c26b88b84ab26f2,2021-11-02.1,1635913065,27.876282,22.587662,0.000000,0.000000,0.000000,0.312500,-0.781441,3.964844,107.838829,1700.250000,2499.187500,11.625000,1699.312500,2498.437500,11.062500,560,23.300171,21.763565,481,23.594666,21.897079
e00fce682c26b88b84ab26f2,2021-11-02.1,1635914027,28.266907,22.582321,0.000000,0.000000,0.000000,0.332031,-0.781441,3.984375,20.317461,1699.500000,2499.000000,11.812500,1697.812500,2498.437500,11.062500,575,23.310852,21.720833,489,23.593140,21.841003
e00fce682c26b88b84ab26f2,2021-11-02.1,1635914989,28.161621,22.582321,0.000000,0.000000,0.000000,0.312500,-0.781441,3.984375,46.886448,1698.562500,2499.187500,11.812500,1696.125000,2498.437500,11.062500,582,23.295593,21.675438,469,23.654175,21.771576
e00fce682c26b88b84ab26f2,2021-11-02.1,1635915951,28.007507,22.582321,0.000000,0.000000,0.000000,0.312500,-0.781441,3.984375,25.006105,1698.375000,2499.000000,11.625000,1695.937500,2498.625000,11.062500,569,23.278809,21.675438,459,23.625183,21.742195
e00fce682c26b88b84ab26f2,2021-11-02.1,1635917048,28.213501,22.582321,0.000000,0.000000,0.000000,0.312500,-0.781441,3.964844,107.057388,1697.812500,2498.812500,11.812500,1696.125000,2498.437500,11.062500,577,23.323059,21.675438,505,23.643494,21.784927
e00fce682c26b88b84ab26f2,2021-11-02.1,1635918010,28.317261,22.456818,0.000000,0.000000,0.000000,0.312500,-0.781441,3.984375,47.667889,1698.000000,2499.187500,11.812500,1696.125000,2498.625000,11.062500,587,23.333740,21.662086,481,23.654175,21.771576
e00fce682c26b88b84ab26f2,2021-11-02.1,1635918972,28.523254,22.456818,0.000000,0.000000,0.000000,0.312500,-0.781441,3.984375,47.667889,1697.812500,2499.000000,11.812500,1695.375000,2498.625000,11.062500,582,23.374939,21.648735,442,23.640442,21.755554
e00fce682c26b88b84ab26f2,2021-11-02.1,1635919934,28.822327,22.582321,0.000000,0.000000,0.000000,0.312500,-0.781441,3.984375,47.667889,1697.437500,2499.187500,11.625000,1693.875000,2498.437500,11.062500,563,23.332214,21.606010,463,23.666382,21.683449
e00fce682c26b88b84ab26f2,2021-11-02.1,1635921032,28.880310,22.328644,0.000000,0.000000,0.000000,0.253906,-0.781441,3.964844,145.347977,1695.562500,2499.187500,11.812500,1691.250000,2498.437500,11.062500,562,23.442078,21.520561,496,23.753357,21.541924
e00fce682c26b88b84ab26f2,2021-11-02.1,1635921994,28.430176,22.336655,0.000000,0.000000,0.000000,0.312500,-0.781441,3.984375,20.317461,1694.437500,2499.000000,11.812500,1691.437500,2498.437500,10.875000,578,23.423767,21.493858,496,23.713684,21.584648
e00fce682c26b88b84ab26f2,2021-11-02.1,1635922956,27.719116,22.355347,0.000000,0.000000,0.000000,0.312500,-0.781441,3.984375,47.667889,1694.812500,2499.187500,11.625000,1692.375000,2498.437500,11.062500,580,23.423767,21.493858,495,23.689270,21.614021
e00fce682c26b88b84ab26f2,2021-11-02.1,1635923918,27.458191,22.197800,0.000000,0.000000,0.000000,0.312500,-0.781441,3.984375,18.754580,1694.812500,2498.812500,11.625000,1692.937500,2498.437500,11.062500,584,23.297119,21.520561,497,23.551941,21.640724
e00fce682c26b88b84ab26f2,2021-11-02.1,1635925036,28.074646,22.336655,0.000000,0.000000,0.000000,0.312500,-0.781441,3.964844,110.964592,1694.625000,2498.812500,11.812500,1692.937500,2498.437500,11.062500,565,23.286438,21.520561,488,23.617554,21.614021
e00fce682c26b88b84ab26f2,2021-11-02.1,1635925998,28.587341,22.518234,0.000000,0.000000,0.000000,0.312500,-0.781441,3.984375,47.667889,1694.625000,2499.000000,11.812500,1692.000000,2498.437500,11.062500,569,23.355103,21.507210,489,23.593140,21.640724
e00fce682c26b88b84ab26f2,2021-11-02.1,1635926960,28.607178,22.312622,0.000000,0.000000,0.000000,0.312500,-0.781441,3.984375,47.667889,1693.500000,2499.000000,11.625000,1689.187500,2498.437500,11.062500,560,23.336792,21.464485,479,23.597717,21.501869
e00fce682c26b88b84ab26f2,2021-11-02.1,1635927922,28.894043,22.328644,0.000000,0.000000,0.000000,0.312500,-0.781441,3.964844,18.754580,1692.000000,2499.000000,11.625000,1687.125000,2498.250000,11.062500,573,23.374939,21.381706,472,23.620605,21.416420
e00fce682c26b88b84ab26f2,2021-11-02.1,1635929159,28.543091,22.328644,0.000000,0.000000,0.000000,0.312500,-0.781441,3.964844,107.057388,1690.312500,2499.000000,11.625000,1687.875000,2498.250000,11.062500,566,23.373413,21.338982,481,23.677063,21.429771
e00fce682c26b88b84ab26f2,2021-11-02.1,1635930121,28.549194,22.197800,0.000000,0.000000,0.000000,0.312500,-0.781441,3.984375,47.667889,1691.250000,2499.000000,11.812500,1689.750000,2498.625000,11.062500,570,23.400879,21.352333,495,23.698425,21.515221
e00fce682c26b88b84ab26f2,2021-11-02.1,1635931083,28.933716,22.133713,0.000000,0.000000,0.000000,0.312500,-0.781441,3.984375,47.667889,1692.375000,2499.000000,11.625000,1690.875000,2498.250000,11.062500,568,23.420715,21.424431,490,23.699951,21.557945
e00fce682c26b88b84ab26f2,2021-11-02.1,1635932045,29.103088,22.197800,0.000000,0.000000,0.000000,0.312500,-0.781441,3.984375,21.880342,1692.750000,2499.187500,11.812500,1690.875000,2498.625000,11.062500,571,23.405457,21.424431,510,23.698425,21.528572
e00fce682c26b88b84ab26f2,2021-11-02.1,1635933142,29.057312,22.328644,0.000000,0.000000,0.000000,0.312500,-1.172161,3.945312,143.785110,1691.625000,2499.187500,11.812500,1688.250000,2498.437500,11.062500,587,23.446655,21.395058,504,23.707581,21.472496
e00fce682c26b88b84ab26f2,2021-11-02.1,1635934104,29.118347,22.328644,0.000000,0.000000,0.000000,0.312500,-0.781441,4.003906,47.667889,1690.125000,2499.187500,11.812500,1686.375000,2498.250000,11.062500,553,23.471069,21.325630,468,23.699951,21.360344
e00fce682c26b88b84ab26f2,2021-11-02.1,1635935066,28.921509,22.133713,0.000000,0.000000,0.000000,0.312500,-0.781441,3.984375,48.449329,1689.750000,2499.000000,11.812500,1687.312500,2498.812500,11.062500,579,23.498535,21.309608,498,23.785400,21.387047
e00fce682c26b88b84ab26f2,2021-11-02.1,1635936028,29.487610,22.104340,0.000000,0.000000,0.000000,0.312500,-0.781441,3.984375,47.667889,1689.937500,2499.000000,11.625000,1689.000000,2498.812500,10.875000,575,23.529053,21.352333,505,23.805237,21.472496
e00fce682c26b88b84ab26f2,2021-11-02.1,1635937159,29.444885,22.080307,0.000000,0.000000,0.000000,0.312500,-0.781441,3.945312,143.003677,1691.250000,2499.000000,11.812500,1689.937500,2498.625000,11.062500,583,23.556519,21.365685,490,23.835754,21.515221
e00fce682c26b88b84ab26f2,2021-11-02.1,1635938121,29.176331,22.197800,0.000000,0.000000,0.000000,0.312500,-0.781441,3.984375,27.350428,1690.875000,2499.187500,11.625000,1689.000000,2498.437500,11.062500,585,23.558044,21.381706,481,23.789978,21.485847
e00fce682c26b88b84ab26f2,2021-11-02.1,1635939083,29.158020,22.320633,0.000000,0.000000,0.000000,0.312500,-0.781441,3.984375,48.449329,1690.125000,2499.000000,11.625000,1686.375000,2498.250000,11.062500,584,23.529053,21.338982,505,23.757935,21.387047
e00fce682c26b88b84ab26f2,2021-11-02.1,1635940045,29.089355,22.080307,0.000000,0.000000,0.000000,0.312500,-0.781441,3.984375,47.667889,1688.437500,2499.000000,11.812500,1684.875000,2498.812500,11.062500,578,23.551941,21.269554,483,23.764038,21.290916
e00fce682c26b88b84ab26f2,2021-11-02.1,1635941168,29.141235,22.189789,0.000000,0.000000,0.000000,0.312500,-0.781441,3.945312,144.566544,1687.875000,2498.812500,11.625000,1685.437500,2498.437500,10.875000,605,23.547363,21.226822,494,23.808289,21.317619
e00fce682c26b88b84ab26f2,2021-11-02.1,1635942130,29.190063,22.104340,0.000000,0.000000,0.000000,0.312500,-0.781441,3.984375,47.667889,1688.062500,2499.000000,11.812500,1687.312500,2498.437500,11.062500,592,23.551941,21.269554,508,23.773193,21.403069
e00fce682c26b88b84ab26f2,2021-11-02.1,1635943092,29.354858,22.133713,0.000000,0.000000,0.000000,0.312500,-0.781441,3.984375,48.449329,1689.375000,2499.187500,11.625000,1689.187500,2498.437500,11.062500,629,23.597717,21.338982,528,23.803711,21.459145
e00fce682c26b88b84ab26f2,2021-11-02.1,1635944054,30.093384,22.080307,0.000000,0.000000,0.000000,0.312500,-1.172161,3.984375,47.667889,1690.312500,2498.812500,11.625000,1689.187500,2498.625000,11.062500,626,23.670959,21.338982,524,23.860168,21.485847
